-- phpMyAdmin SQL Dump
-- version 4.5.4.1deb2ubuntu2
-- http://www.phpmyadmin.net
--
-- Host: localhost
-- Tempo de geração: 26/02/2018 às 00:00
-- Versão do servidor: 5.7.21-0ubuntu0.16.04.1
-- Versão do PHP: 7.0.22-0ubuntu0.16.04.1

SET SQL_MODE = "NO_AUTO_VALUE_ON_ZERO";
SET time_zone = "+00:00";


/*!40101 SET @OLD_CHARACTER_SET_CLIENT=@@CHARACTER_SET_CLIENT */;
/*!40101 SET @OLD_CHARACTER_SET_RESULTS=@@CHARACTER_SET_RESULTS */;
/*!40101 SET @OLD_COLLATION_CONNECTION=@@COLLATION_CONNECTION */;
/*!40101 SET NAMES utf8mb4 */;

--
-- Banco de dados: `pesquisapombal`
--

-- --------------------------------------------------------

--
-- Estrutura para tabela `tb_alternativa`
--

CREATE TABLE `tb_alternativa` (
  `id` int(11) NOT NULL,
  `titulo` varchar(100) DEFAULT NULL,
  `id_pergunta` int(11) NOT NULL
) ENGINE=InnoDB DEFAULT CHARSET=utf8;

--
-- Fazendo dump de dados para tabela `tb_alternativa`
--

INSERT INTO `tb_alternativa` (`id`, `titulo`, `id_pergunta`) VALUES
(1, 'Academia de Leo', 1),
(2, 'Fisioforma', 1),
(3, 'Flex Forma', 1),
(4, 'Forma Corpus', 1),
(5, 'Gym Fitnes', 1),
(6, 'Podium Academia', 1),
(7, 'S3 Fitnes', 1),
(8, 'Outro:', 1),
(9, 'Banco Bradesco', 2),
(10, 'Banco do Brasil', 2),
(11, 'Banco do Nordeste', 2),
(12, 'Caixa Economica', 2),
(13, 'Sicred', 2),
(14, 'Outro:', 2),
(15, 'Closet Festas', 3),
(16, 'Empório Noivas', 3),
(17, 'La Feme Noivas', 3),
(18, 'Noivas e Babys', 3),
(19, 'Vest Festas', 3),
(20, 'Outro:', 3),
(21, 'Armazém São José', 4),
(22, 'Chico Claro', 4),
(23, 'Formiguinha', 4),
(24, 'Outro:', 4),
(25, 'Adriely', 5),
(26, 'Armazém Bandeirante', 5),
(27, 'Chico Claro', 5),
(28, 'Claustenio', 5),
(29, 'JF Casa da Fazenda', 5),
(30, 'Outro:', 5),
(31, 'Arthur Bandeira', 6),
(32, 'Cizia Mouta', 6),
(33, 'Projetto (Caroline Queiroga e Daniela)', 6),
(34, 'Silvio Sales', 6),
(35, 'Outro:', 6),
(36, 'Laide Arruda', 7),
(37, 'Marlene', 7),
(38, 'Solange Rego', 7),
(39, 'Outro:', 7),
(40, 'Auto Peças Alexandre', 8),
(41, 'Auto Peças Martins', 8),
(42, 'Auto Peças Queiroga', 8),
(43, 'Cascatinha Auto Peças', 8),
(44, 'Lider Equipadora', 8),
(45, 'Lio Auto Peças', 8),
(46, 'Lojas Martins Auto Peças', 8),
(47, 'Rojak', 8),
(48, 'Outro:', 8),
(49, 'Bar Centenario', 9),
(50, 'Bar da Galinha', 9),
(51, 'Bar Moura', 9),
(52, 'Espeto Bar', 9),
(53, 'João do Bar', 9),
(54, 'Royal Spetos', 9),
(55, 'Tô em Casa', 9),
(56, 'Outro:', 9),
(57, 'Art Baby', 10),
(58, 'Art Pura', 10),
(59, 'Julia Baby', 10),
(60, 'Moleka', 10),
(61, 'Ruah', 10),
(62, 'Outro:', 10),
(63, 'Danielle Caramelos', 11),
(64, 'Pirulitos Festas', 11),
(65, 'Pombal Caramelos', 11),
(66, 'Outro:', 11),
(67, 'Aretha Modas', 12),
(68, 'DClasse', 12),
(69, 'Dona Morena', 12),
(70, 'Elida Modas', 12),
(71, 'Freitas For Men', 12),
(72, 'Koisas do Corpo', 12),
(73, 'Loja Ornamentos (Andrea)', 12),
(74, 'Maison T', 12),
(75, 'Mistura Fina', 12),
(76, 'Moda Viva', 12),
(77, 'Pequena Dama', 12),
(78, 'Perfil Modas', 12),
(79, 'Priscila Boutique', 12),
(80, 'Tarcys Sofisticação', 12),
(81, 'Outro:', 12),
(82, 'Candida Amelia', 13),
(83, 'Carminha Fitness', 13),
(84, 'Cici Decorações', 13),
(85, 'Garden Recepões', 13),
(86, 'Outro:', 13),
(87, '1° Cartorio Queiroga', 14),
(88, '2° Cartorio de Oficio', 14),
(89, 'Cartorio de Registro', 14),
(90, 'Outro:', 14),
(91, 'Cici Decorações', 15),
(92, 'Pirulito Festas', 15),
(93, 'Sonho de Criança', 15),
(94, 'Outro:', 15),
(95, 'Churrascaria dos Amigos (Barrinha)', 16),
(96, 'Churrascaria Maringá', 16),
(97, 'Churrascaria Gavel', 16),
(98, 'João do Bar', 16),
(99, 'Saborear', 16),
(100, 'Outro:', 16),
(101, 'Clinica Odont.Joana Dark', 17),
(102, 'Dr.Arthur Matos', 17),
(103, 'Dr.Jayro Wanderley', 17),
(104, 'Dr.Marcos Vinícius', 17),
(105, 'Dr.Pedro Gomes e Edna', 17),
(106, 'Dra.Beatriz', 17),
(107, 'Dra.Estefânia e Dr.Wendel', 17),
(108, 'Dra.Francimar e Dra.Pratricia', 17),
(109, 'Dra.Lenira', 17),
(110, 'Dra.Sonia', 17),
(111, 'Odonto Primus', 17),
(112, 'Sorridente', 17),
(113, 'Outro:', 17),
(114, 'Cemoan', 18),
(115, 'Clinica Bella Vita', 18),
(116, 'Clinica DPosture', 18),
(117, 'Clinica da Mulher', 18),
(118, 'Santa Cecilla', 18),
(119, 'Outro:', 18),
(120, 'Conveniência Boa Esperança', 19),
(121, 'Conveniência Gavel', 19),
(122, 'Conveniência Gomes', 19),
(123, 'Conveniência Martins', 19),
(124, 'Outro:', 19),
(125, 'Alex Pombal', 20),
(126, 'Deda Veículos', 20),
(127, 'Gavel Veículos', 20),
(128, 'GF Veículos', 20),
(129, 'CG Car', 20),
(130, 'Leomar Veículos', 20),
(131, 'Marinho Veículos', 20),
(132, 'Outro:', 20),
(133, 'Aky Veste', 21),
(134, 'Cyda Confecções', 21),
(135, 'Donna Bella', 21),
(136, 'DZ Modas', 21),
(137, 'Giovana Confecções', 21),
(138, 'Malharia Nota 10', 21),
(139, 'Malharia Simples', 21),
(140, 'Martins Confecções', 21),
(141, 'Moda Viva', 21),
(142, 'Modellina', 21),
(143, 'Pallone', 21),
(144, 'Rose Confecções', 21),
(145, 'Surya', 21),
(146, 'Tendencia Confecções', 21),
(147, 'Top Modas', 21),
(148, 'Vivaz', 21),
(149, 'Outro:', 21),
(150, 'Bomcopy - Serviços e Emprestimos', 22),
(151, 'Casa Loterica', 22),
(152, 'CBN Copiadora', 22),
(153, 'Enio Ricardo & Negocios', 22),
(154, 'PagFácil', 22),
(155, 'Pombal Expresso', 22),
(156, 'Rede Fácil', 22),
(157, 'Outro:', 22),
(158, 'Auciele Nobre', 23),
(159, 'Minha Vaga', 23),
(160, 'Pró Enem (Arco Iris', 23),
(161, 'Outro:', 23),
(162, 'Adega da Bebida', 24),
(163, 'Armazem São José', 24),
(164, 'Barrinha', 24),
(165, 'Maroquinhas', 24),
(166, 'Misturama', 24),
(167, 'Multi Bebidas', 24),
(168, 'Nezinho Bebidas', 24),
(169, 'Pombal Bebidas', 24),
(170, 'Sales Bebidas', 24),
(171, 'To Kum Sede', 24),
(172, 'Outro:', 24),
(173, 'Alencar Gás', 25),
(174, 'Brasil Gás', 25),
(175, 'Copagaz', 25),
(176, 'Novo Gás', 25),
(177, 'Outro:', 25),
(178, 'André', 26),
(179, 'Babaloo', 26),
(180, 'Jó Eletricista', 26),
(181, 'Moacir', 26),
(182, 'Nenem', 26),
(183, 'Serginho', 26),
(184, 'Tales', 26),
(185, 'Outro:', 26),
(186, 'CMJ Escola Menino Jesus', 27),
(187, 'Escola Arco Iris', 27),
(188, 'Escola JHD', 27),
(189, 'Principio do Saber', 27),
(190, 'Roberta Fernandes', 27),
(191, 'Outro:', 27),
(192, 'Adimilsom Leite e Maria do Carmo Dantas', 28),
(193, 'Alberg Bandeira (Beto Calado)', 28),
(194, 'Antonio Cezar L.Ugulino', 28),
(195, 'Aristoteles e Sefra Poliana', 28),
(196, 'Gustavo Nunes', 28),
(197, 'Jackson Costa Ribeiro', 28),
(198, 'Jaques Wanderley e Mayara', 28),
(199, 'Queiroga', 28),
(200, 'Jorge Henrique', 28),
(201, 'Marques e Sousa', 28),
(202, 'Quezia e Thiago', 28),
(203, 'Raniel Wanderley e Mayara Roagna', 28),
(204, 'Robson Brito', 28),
(205, 'Santos e Nogueira', 28),
(206, 'Segundo', 28),
(207, 'Thyago Carneiro', 28),
(208, 'Outro:', 28),
(209, 'Astec (Jota)', 29),
(210, 'Claro Contabilidade', 29),
(211, 'Dodó', 29),
(212, 'Elenita Contabilidade', 29),
(213, 'Eliete Contabilidade', 29),
(214, 'Evolução Contábel', 29),
(215, 'Excellent Contabilidade', 29),
(216, 'Gilmarcos', 29),
(217, 'Italo Marques', 29),
(218, 'Moacir', 29),
(219, 'RG Contabilidade', 29),
(220, 'Sefec (Andrea)', 29),
(221, 'Sefef', 29),
(222, 'Socorro', 29),
(223, 'Tales Contabilidade', 29),
(224, 'Outro:', 29),
(225, 'JM Som', 30),
(226, 'NS Eventos (Wyllender', 30),
(227, 'Pena Sonorização', 30),
(228, 'Rainner Galdino', 30),
(229, 'Outro:', 30),
(230, 'Moleka', 31),
(231, 'Polo e CIA', 31),
(232, 'Tendência Confecções', 31),
(233, 'Kurumin', 31),
(234, 'Vandinha Moda Praia', 31),
(235, 'Outro:', 31),
(236, 'Aky Jóias', 32),
(237, 'Jóia Rara', 32),
(238, 'Nova Jóia', 32),
(239, 'Pingo de Ouro', 32),
(240, 'Outro:', 32),
(241, 'Biofarma', 33),
(242, 'Droga Center', 33),
(243, 'Farma Dantas', 33),
(244, 'Farma Formula', 33),
(245, 'Farma Olivia', 33),
(246, 'Farmacia do Povo', 33),
(247, 'Farmacia do Trabalhador', 33),
(248, 'Farmacia dos Pobres', 33),
(249, 'Farmacia Moderna', 33),
(250, 'Farmacia Nova', 33),
(251, 'Farmacia Pro Saúde', 33),
(252, 'Farmacia Queiroga', 33),
(253, 'Farmacia Santa Cecilia', 33),
(254, 'Pharma Vida', 33),
(255, 'Outro:', 33),
(256, 'Agroveter União', 34),
(257, 'Cães e Gatos', 34),
(258, 'Claravet', 34),
(259, 'Pet Shop Saúde Animal', 34),
(260, 'Valmir Veterinario', 34),
(261, 'Vetercenter', 34),
(262, 'Outro:', 34),
(263, 'DPosture', 35),
(264, 'Fisio Forma', 35),
(265, 'Fisioniiw', 35),
(266, 'Revitalize', 35),
(267, 'Studio Pilates', 35),
(268, 'Outro:', 35),
(269, 'Aninha Flores', 36),
(270, 'Rosa Morena', 36),
(271, 'Outro:', 36),
(272, 'Almeida Foto', 37),
(273, 'Foto em Foco', 37),
(274, 'Foto Ideal', 37),
(275, 'Moaby Paixão', 37),
(276, 'Outro:', 37),
(277, 'Boi de Ouro', 38),
(278, 'Carnes e Frio', 38),
(279, 'Central das Carnes', 38),
(280, 'Frigoboi', 38),
(281, 'Frigorifico Boi Forte', 38),
(282, 'Frigorifico Bom Jesus', 38),
(283, 'Frigorifico Maringá', 38),
(284, 'Frigotil', 38),
(285, 'Marconildo (Carnes e CIA)', 38),
(286, 'O Esquinão', 38),
(287, 'Shopping das Carnes', 38),
(288, 'Outro:', 38),
(289, 'Copiadora Colibri', 39),
(290, 'Design Gráfica', 39),
(291, 'Fred Artes', 39),
(292, 'Gráfica Andyara', 39),
(293, 'Gráfica Ciromar', 39),
(294, 'Gráfica Dias', 39),
(295, 'Gráfica do Estudante', 39),
(296, 'Ney Gráfica', 39),
(297, 'Vinicius Gráfica', 39),
(298, 'Outro:', 39),
(299, 'Hotel Rio Verde', 40),
(300, 'Pousada Mandacaru', 40),
(301, 'Pousada Nordeste', 40),
(302, 'Pousada Paraíso', 40),
(303, 'Pousada Shalom', 40),
(304, 'Pousada Sonho Azul', 40),
(305, 'Outro:', 40),
(306, 'Analises (Dra.Ligia)', 41),
(307, 'Dra.Marta', 41),
(308, 'Dra.Salete', 41),
(309, 'Lab Vas', 41),
(310, 'Santa Cecilia', 41),
(311, 'Outro:', 41),
(312, 'Big Mix', 42),
(313, 'Cotidiano (Rosario)', 42),
(314, 'Deu Fome', 42),
(315, 'Divino Pão de Queijo', 42),
(316, 'Doce Encontro', 42),
(317, 'Doce Fatia', 42),
(318, 'Fofoquinha', 42),
(319, 'Gilson Lanches', 42),
(320, 'Mais que Delicia', 42),
(321, 'Marius', 42),
(322, 'MD Lanches', 42),
(323, 'NE Lanches', 42),
(324, 'O Encontro', 42),
(325, 'Planeta Lanches', 42),
(326, 'Ponto Mix', 42),
(327, 'Rei dos Salgados', 42),
(328, 'Rota Burger', 42),
(329, 'Sabor do Sertão', 42),
(330, 'Outro:', 42),
(331, 'A Moderna Calçados', 43),
(332, 'A Vencedora Calçados', 43),
(333, 'BK Calçados', 43),
(334, 'Calce Bem (Socorro de Jesus) ', 43),
(335, 'Exótica Calçados', 43),
(336, 'Marcos Calçados', 43),
(337, 'Passo a Passo Calçados', 43),
(338, 'Tendência Calçados', 43),
(339, 'Outro:', 43),
(340, 'Central TEC', 44),
(341, 'Connect', 44),
(342, 'Digitus', 44),
(343, 'Grupo Barbosa', 44),
(344, 'Outro:', 44),
(345, 'Adeplam Engenharia', 45),
(346, 'Agroveter Construções', 45),
(347, 'Armazem Alvorada', 45),
(348, 'Casa do Construtor', 45),
(349, 'Casa do Norte', 45),
(350, 'Cesario Construções', 45),
(351, 'DW Construções', 45),
(352, 'Elton Construções', 45),
(353, 'Grupo Barbosa', 45),
(354, 'Lojão da Ceramica', 45),
(355, 'Lojas Martins', 45),
(356, 'Outro:', 45),
(357, 'Armazem Paraíba', 46),
(358, 'Eletrolar', 46),
(359, 'Lojão Rio do Peixe', 46),
(360, 'Lojas Lacerda', 46),
(361, 'Magazine Luiza', 46),
(362, 'Outro:', 46),
(363, 'Aninha Flores', 47),
(364, 'Carlitus Variedade', 47),
(365, 'Casa Bandeira', 47),
(366, 'Casa Bordarema', 47),
(367, 'Lojas Martins', 47),
(368, 'Maringá Shopping', 47),
(369, 'Polyana Presentes', 47),
(370, 'Rei dos Presentes', 47),
(371, 'Sefora Presentes', 47),
(372, 'Tem de tudos', 47),
(373, 'Varejão dos Importados', 47),
(374, 'Outro:', 47),
(375, 'Madereira Bezerra', 48),
(376, 'Madereira Lobão', 48),
(377, 'Madereia Monteiro', 48),
(378, 'Madereira NªSra. Aparecida', 48),
(379, 'Outro:', 48),
(380, 'Gran Pombal', 49),
(381, 'Nossa Senhora do Rosário', 49),
(382, 'Ponto Certo', 49),
(383, 'Outro:', 49),
(384, 'Armazem Oliveira', 50),
(385, 'Bandeira Irrigação', 50),
(386, 'Casa Almeida', 50),
(387, 'Outro:', 50),
(388, 'Marcos Calçados', 51),
(389, 'Modellina Sports', 51),
(390, 'O Mundo dos Esportes', 51),
(391, 'Passo a Passo Sports', 51),
(392, 'Sport Modas', 51),
(393, 'Varejão dos Sports', 51),
(394, 'Outro:', 51),
(395, 'Central Motos', 52),
(396, 'Danilo Peças', 52),
(397, 'Estilo Motos', 52),
(398, 'Moto Serve', 52),
(399, 'MS Motos', 52),
(400, 'Pau Brasil Motos (Honda)', 52),
(401, 'Sertão Motos', 52),
(402, 'Universo Duas Motos', 52),
(403, 'Outro:', 52),
(404, 'Alô Cell', 53),
(405, 'Dantas Cell', 53),
(406, 'Eletrosystem', 53),
(407, 'Oficina do Celular', 53),
(408, 'Pombal Cell', 53),
(409, 'Outro:', 53),
(410, 'Azuil Car', 54),
(411, 'Oficina Martins', 54),
(412, 'Santos Automotivos', 54),
(413, 'Stop Car', 54),
(414, 'Outro:', 54),
(415, 'A Graciosa', 55),
(416, 'Otica Bela Visão', 55),
(417, 'Otica DLucas', 55),
(418, 'Otica Dinz', 55),
(419, 'Otica Medeiros', 55),
(420, 'Otica Onias', 55),
(421, 'Otica Mirna', 55),
(422, 'Outro:', 55),
(423, 'Delicias do Trigo', 56),
(424, 'Dois Irmãos', 56),
(425, 'Mão na Massa (Cemar)', 56),
(426, 'Padaria da Galega', 56),
(427, 'Padaria da Neta', 56),
(428, 'Panificadora Bom Jesus', 56),
(429, 'Panificadora Bom Sucesso', 56),
(430, 'Panificadora Delicias do Trigo', 56),
(431, 'Panificadora Ouro Branco', 56),
(432, 'Panificadora União', 56),
(433, 'Pão Nosso', 56),
(434, 'Paulistana', 56),
(435, 'Primus', 56),
(436, 'Outro:', 56),
(437, 'Colibri', 57),
(438, 'Gráfica do Estudante', 57),
(439, 'Papelaria Andyara', 57),
(440, 'Papelaria Help', 57),
(441, 'Papelaria Martins', 57),
(442, 'Outro:', 57),
(443, 'Casarão do Pastel', 58),
(444, 'Fofocas Salgados', 58),
(445, 'Pastelânia', 58),
(446, 'Pastelaria Alencar', 58),
(447, 'Outro:', 58),
(448, 'Atuality Parfum', 59),
(449, 'Matheus Importados', 59),
(450, 'Natura', 59),
(451, 'O Boticario', 59),
(452, 'Outro:', 59),
(453, 'DItalia', 60),
(454, 'Nordestina', 60),
(455, 'Pizzarela (Marquinhos)', 60),
(456, 'Pizzaria Paulistana', 60),
(457, 'Outro:', 60),
(458, 'Asfran', 61),
(459, 'Digna', 61),
(460, 'PAF', 61),
(461, 'Santa Paz', 61),
(462, 'Zezinho', 61),
(463, 'Outro:', 61),
(464, 'Posto Boa Esperança', 62),
(465, 'Posto BR Maravilha LTDA', 62),
(466, 'Posto Gavel', 62),
(467, 'Posto Maringá', 62),
(468, 'Posto Martins', 62),
(469, 'Outro:', 62),
(470, 'Brisanet', 63),
(471, 'M.Tec', 63),
(472, 'Torpedo Link', 63),
(473, 'WR Link', 63),
(474, 'Outro:', 63),
(475, 'Altas Horas', 64),
(476, 'Contemporaneo', 64),
(477, 'Marius Restaurante', 64),
(478, 'Saborear', 64),
(479, 'Waynos', 64),
(480, 'Outro:', 64),
(481, 'Aldeny Cabelereira', 65),
(482, 'Aline Gabriele', 65),
(483, 'Belezaria La Belle', 65),
(484, 'Delyene', 65),
(485, 'Diana Salão', 65),
(486, 'Grabiela Moura', 65),
(487, 'Lurdinha Cabelereira', 65),
(488, 'Luz e Cor', 65),
(489, 'Preguinho', 65),
(490, 'Rayane Cabelereira', 65),
(491, 'Salão Cabelos Fashion', 65),
(492, 'Salão Charme e Beleza', 65),
(493, 'Salão Novo Visual', 65),
(494, 'Sildenira Cabelereira', 65),
(495, 'Solane Rego', 65),
(496, 'Solange Cabelereira', 65),
(497, 'Studio Hair Segundo Urtiga', 65),
(498, 'Tauã Elias', 65),
(499, 'Outro:', 65),
(500, 'Adriana Depilação', 66),
(501, 'Aninha Estetica e Beleza', 66),
(502, 'Bella Depil', 66),
(503, 'Fernanda Filha de seu Biu', 66),
(504, 'Mara Depilação', 66),
(505, 'Salão Cabelos Fashion (Mara)', 66),
(506, 'Viviane Studio Beleza', 66),
(507, 'Outro:', 66),
(508, 'Chagas', 67),
(509, 'Porfírio', 67),
(510, 'Salão Cabelos Fashion', 67),
(511, 'Studio Hair Segunda Urtiga', 67),
(512, 'Tauã Elias', 67),
(513, 'Outro:', 67),
(514, 'Casa dos Ferros', 68),
(515, 'Paulo Serralheria', 68),
(516, 'Pretonio Serralharia', 68),
(517, 'Serralharia ', 68),
(518, 'Serralharia STª Rosa', 68),
(519, 'Serralharia Valmarques', 68),
(520, 'ZF Serralharia', 68),
(521, 'Outro:', 68),
(522, 'Era do Gelo', 69),
(523, 'Expresso', 69),
(524, 'Flor de Lis', 69),
(525, 'Milk Shake Mix', 69),
(526, 'Point Mix', 69),
(527, 'Outro:', 69),
(528, 'Alipio Supermercado', 70),
(529, 'Center Box', 70),
(530, 'Mercadinho Cici', 70),
(531, 'Mercadinho do Pelé', 70),
(532, 'Mercadinho Marçal', 70),
(533, 'Mercadinho Oliveira', 70),
(534, 'Mercadinho Real', 70),
(535, 'Mercadinho Trigueiro', 70),
(536, 'Mercadinho Viturino', 70),
(537, 'Ponto Forte', 70),
(538, 'Supermercado Alencar', 70),
(539, 'Supermercado Compre Mais', 70),
(540, 'Supermercado Sertanejo e Economico', 70),
(541, 'Supermercado Vaz', 70),
(542, 'Supermercado Maia I, II e III', 70),
(543, 'Varejão Bom Preço', 70),
(544, 'Varejão Maringá', 70),
(545, 'Outro:', 70),
(546, 'Nossa Casa', 71),
(547, 'União Textil', 71),
(548, 'Outro:', 71),
(549, 'Baby Kids', 72),
(550, 'Bia Baby', 72),
(551, 'Koisas do Corpo', 72),
(552, 'Lacerda Baby', 72),
(553, 'Meloka', 72),
(554, 'Pequena Dama', 72),
(555, 'Pimpolhos', 72),
(556, 'Solange Enxovais', 72),
(557, 'Outro:', 72),
(558, 'J A Vidros', 73),
(559, 'Pombal Vidros', 73),
(560, 'Vidraçarias Almeida', 73),
(561, 'Vidro e CIA', 73),
(562, 'Outro:', 73);

-- --------------------------------------------------------

--
-- Estrutura para tabela `tb_pergunta`
--

CREATE TABLE `tb_pergunta` (
  `id` int(11) NOT NULL,
  `titulo` varchar(100) DEFAULT NULL
) ENGINE=InnoDB DEFAULT CHARSET=utf8;

--
-- Fazendo dump de dados para tabela `tb_pergunta`
--

INSERT INTO `tb_pergunta` (`id`, `titulo`) VALUES
(1, 'ACADEMIAS'),
(2, 'AGÊNCIA BANCÁRIA'),
(3, 'ALUGUEL DE ROUPAS'),
(4, 'ARMAZÉM DE ESTIVAS E CEREAIS'),
(5, 'ARMAZÉM DE RAÇÃO'),
(6, 'ARQUITETURA/PROJETOS'),
(7, 'ATELIÊ'),
(8, 'AUTO PEÇAS'),
(9, 'BAR'),
(10, 'BOLSAS E CONEXOS'),
(11, 'BOMBONIERE'),
(12, 'BOUTIQUE'),
(13, 'BUFFET'),
(14, 'CARTORIO'),
(15, 'CASA DE FESTAS'),
(16, 'CHURRASCARIA'),
(17, 'CLINICA DENTARIA'),
(18, 'CLINICAS MEDICAS'),
(19, 'CONVENIÊNCIA'),
(20, 'COMISSÁRIA DE VEÍCULOS'),
(21, 'CONFECÇÕES EM GERAL'),
(22, 'CORRESPONDENTE BANCÁRIO'),
(23, 'CURSINHO PRÉ-VESTIBULAR '),
(24, 'DISTRIBUIDORA DE BEBIDAS'),
(25, 'DISTRIBUIDORA DE GÁS'),
(26, 'ELETRICISTA'),
(27, 'ESCOLAS PARTICULARES'),
(28, 'ESCRITORIO ADVOCACIA'),
(29, 'ESCRITÓRIO DE CONTABILIDADE'),
(30, 'ESTRUTURA, ILUMINAÇÃO E SONORIZAÇÃO'),
(31, 'FABRICA DE FARDAMENTOS E CONFECÇÕES'),
(32, 'FABRICAÇÃO/CONSERTO DE JÓIAS '),
(33, 'FARMÁCIA'),
(34, 'FARMACIA VETERINARIA/CLINICA'),
(35, 'FISIOTERAPIA / PILATES'),
(36, 'FLORICULTURA'),
(37, 'FOTO E FILMAGEM'),
(38, 'FRIGORIFICO'),
(39, 'GRÁFICA/COMUNICAÇÃO VISUAL'),
(40, 'HOTEL/POUSADA'),
(41, 'LABORATÓRIO ANALISES'),
(42, 'LANCHONETE'),
(43, 'LOJA DE CALÇADOS'),
(44, 'LOJA DE INFORMATICA'),
(45, 'LOJA DE MATERIAL DE CONSTRUÇÃO'),
(46, 'LOJA DE MOVEIS E ELETROS'),
(47, 'LOJA DE PRESENTES E VARIEDADES'),
(48, 'MADEREIRA'),
(49, 'MARMORARIA'),
(50, 'MATERIAL DE IRRIGAÇÃO'),
(51, 'MATERIAL ESPORTIVO'),
(52, 'MOTO PEÇAS / OFICINA DE MOTOS'),
(53, 'OFICINA DE CELULAR'),
(54, 'OFICINA MECÂNICA / INJEÇÃO ELETRONICA'),
(55, 'OTICAS'),
(56, 'PANIFICADORA'),
(57, 'PAPELARIA'),
(58, 'PASTELARIA'),
(59, 'PERFUMARIA'),
(60, 'PIZZARIA'),
(61, 'PLANO FUNERARIO'),
(62, 'POSTO DE COMBUSTIVEIS'),
(63, 'PROVEDOR DE INTERNET'),
(64, 'RESTAURANTE'),
(65, 'SALÃO DE BELEZA (FEMININO)'),
(66, 'SALÃO DE ESTETICA'),
(67, 'SALÃO/CORTES MASCULINOS'),
(68, 'SERRALHARIA'),
(69, 'SORVETERIAS'),
(70, 'SUPERMERCADO'),
(71, 'TECELAGEM'),
(72, 'VESTUARIO INFANTIL'),
(73, 'VIDRAÇARIA');

-- --------------------------------------------------------

--
-- Estrutura para tabela `tb_resposta`
--

CREATE TABLE `tb_resposta` (
  `cpf_usuario` varchar(14) NOT NULL,
  `id_pergunta` int(11) NOT NULL,
  `id_resposta` int(11) NOT NULL
) ENGINE=InnoDB DEFAULT CHARSET=utf8;

--
-- Fazendo dump de dados para tabela `tb_resposta`
--

INSERT INTO `tb_resposta` (`cpf_usuario`, `id_pergunta`, `id_resposta`) VALUES
('01726499430', 1, 2),
('01726499430', 2, 11),
('01726499430', 3, 19),
('01726499430', 4, 22),
('01726499430', 5, 28),
('01726499430', 6, 33),
('01726499430', 7, 37),
('01726499430', 8, 40),
('01726499430', 9, 54),
('01726499430', 10, 59),
('01726499430', 11, 65),
('01726499430', 12, 69),
('01726499430', 13, 82),
('01726499430', 14, 89),
('01726499430', 15, 92),
('01726499430', 16, 96),
('01726499430', 17, 102),
('01726499430', 18, 117),
('01726499430', 19, 121),
('01726499430', 20, 130),
('01726499430', 21, 139),
('01726499430', 22, 152),
('01726499430', 23, 160),
('01726499430', 24, 164),
('01726499430', 25, 176),
('01726499430', 26, 181),
('01726499430', 27, 188),
('01726499430', 28, 194),
('01726499430', 29, 213),
('01726499430', 30, 226),
('01726499430', 31, 233),
('01726499430', 32, 238),
('01726499430', 33, 246),
('01726499430', 34, 257),
('01726499430', 35, 266),
('01726499430', 36, 270),
('01726499430', 37, 273),
('01726499430', 38, 281),
('01726499430', 39, 295),
('01726499430', 40, 303),
('01726499430', 41, 307),
('01726499430', 42, 319),
('01726499430', 43, 336),
('01726499430', 44, 342),
('01726499430', 45, 350),
('01726499430', 46, 359),
('01726499430', 47, 368),
('01726499430', 48, 378),
('01726499430', 49, 382),
('01726499430', 50, 385),
('01726499430', 51, 390),
('01726499430', 52, 399),
('01726499430', 53, 406),
('01726499430', 54, 412),
('01726499430', 55, 417),
('01726499430', 56, 427),
('01726499430', 57, 440),
('01726499430', 58, 446),
('01726499430', 59, 451),
('01726499430', 60, 456),
('01726499430', 61, 461),
('01726499430', 62, 465),
('01726499430', 63, 472),
('01726499430', 64, 478),
('01726499430', 65, 483),
('01726499430', 66, 505),
('01726499430', 67, 511),
('01726499430', 68, 517),
('01726499430', 69, 525),
('01726499430', 70, 533),
('01726499430', 71, 547),
('01726499430', 72, 550),
('01726499430', 73, 559),
('42402310430', 1, 7),
('42402310430', 2, 13),
('42402310430', 3, 18),
('42402310430', 4, 24),
('42402310430', 5, 27),
('42402310430', 6, 34),
('42402310430', 7, 37),
('42402310430', 8, 46),
('42402310430', 9, 51),
('42402310430', 10, 59),
('42402310430', 11, 65),
('42402310430', 12, 69),
('42402310430', 13, 84),
('42402310430', 14, 89),
('42402310430', 15, 92),
('42402310430', 16, 97),
('42402310430', 17, 104),
('42402310430', 18, 117),
('42402310430', 19, 123),
('42402310430', 20, 128),
('42402310430', 21, 134),
('42402310430', 22, 151),
('42402310430', 23, 159),
('42402310430', 24, 166),
('42402310430', 25, 175),
('42402310430', 26, 181),
('42402310430', 27, 189),
('42402310430', 28, 197),
('42402310430', 29, 215),
('42402310430', 30, 228),
('42402310430', 31, 233),
('42402310430', 32, 239),
('42402310430', 33, 242),
('42402310430', 34, 257),
('42402310430', 35, 267),
('42402310430', 36, 269),
('42402310430', 37, 273),
('42402310430', 38, 281),
('42402310430', 39, 292),
('42402310430', 40, 300),
('42402310430', 41, 310),
('42402310430', 42, 329),
('42402310430', 43, 333),
('42402310430', 44, 341),
('42402310430', 45, 348),
('42402310430', 46, 360),
('42402310430', 47, 367),
('42402310430', 48, 376),
('42402310430', 49, 382),
('42402310430', 50, 385),
('42402310430', 51, 392),
('42402310430', 52, 398),
('42402310430', 53, 407),
('42402310430', 54, 411),
('42402310430', 55, 416),
('42402310430', 56, 424),
('42402310430', 57, 440),
('42402310430', 58, 445),
('42402310430', 59, 451),
('42402310430', 60, 456),
('42402310430', 61, 461),
('42402310430', 62, 468),
('42402310430', 63, 472),
('42402310430', 64, 478),
('42402310430', 65, 498),
('42402310430', 66, 505),
('42402310430', 67, 511),
('42402310430', 68, 518),
('42402310430', 69, 525),
('42402310430', 70, 533),
('42402310430', 71, 547),
('42402310430', 72, 550),
('42402310430', 73, 560),
('02058481410', 1, 1),
('02058481410', 2, 10),
('02058481410', 3, 17),
('02058481410', 4, 22),
('02058481410', 5, 28),
('02058481410', 6, 34),
('02058481410', 7, 37),
('02058481410', 8, 43),
('02058481410', 9, 52),
('02058481410', 10, 60),
('02058481410', 11, 64),
('02058481410', 12, 68),
('02058481410', 13, 85),
('02058481410', 14, 88),
('02058481410', 15, 91),
('02058481410', 16, 95),
('02058481410', 17, 103),
('02058481410', 18, 114),
('02058481410', 19, 120),
('02058481410', 20, 129),
('02058481410', 21, 143),
('02058481410', 22, 154),
('02058481410', 23, 160),
('02058481410', 24, 171),
('02058481410', 25, 176),
('02058481410', 26, 180),
('02058481410', 27, 189),
('02058481410', 28, 195),
('02058481410', 29, 213),
('02058481410', 30, 227),
('02058481410', 31, 234),
('02058481410', 32, 239),
('02058481410', 33, 248),
('02058481410', 34, 260),
('02058481410', 35, 266),
('02058481410', 36, 270),
('02058481410', 37, 273),
('02058481410', 38, 279),
('02058481410', 39, 289),
('02058481410', 40, 300),
('02058481410', 41, 307),
('02058481410', 42, 315),
('02058481410', 43, 331),
('02058481410', 44, 341),
('02058481410', 45, 352),
('02058481410', 46, 360),
('02058481410', 47, 366),
('02058481410', 48, 376),
('02058481410', 49, 382),
('02058481410', 50, 386),
('02058481410', 51, 390),
('02058481410', 52, 397),
('02058481410', 53, 404),
('02058481410', 54, 413),
('02058481410', 55, 415),
('02058481410', 56, 425),
('02058481410', 57, 441),
('02058481410', 58, 445),
('02058481410', 59, 451),
('02058481410', 60, 457),
('02058481410', 61, 461),
('02058481410', 62, 466),
('02058481410', 63, 470),
('02058481410', 64, 475),
('02058481410', 65, 482),
('02058481410', 66, 503),
('02058481410', 67, 511),
('02058481410', 68, 519),
('02058481410', 69, 524),
('02058481410', 70, 532),
('02058481410', 71, 547),
('02058481410', 72, 550),
('02058481410', 73, 558),
('13233968299', 1, 1),
('13233968299', 2, 9),
('13233968299', 3, 15),
('13233968299', 4, 21),
('13233968299', 5, 25),
('13233968299', 6, 31),
('13233968299', 7, 36),
('13233968299', 8, 40),
('13233968299', 9, 49),
('13233968299', 10, 57),
('13233968299', 11, 63),
('13233968299', 12, 67),
('13233968299', 13, 82),
('13233968299', 14, 87),
('13233968299', 15, 91),
('13233968299', 16, 95),
('13233968299', 17, 101),
('13233968299', 18, 114),
('13233968299', 19, 120),
('13233968299', 20, 125),
('13233968299', 21, 133),
('13233968299', 22, 150),
('13233968299', 23, 158),
('13233968299', 24, 162),
('13233968299', 25, 173),
('13233968299', 26, 178),
('13233968299', 27, 186),
('13233968299', 28, 192),
('13233968299', 29, 209),
('13233968299', 30, 225),
('13233968299', 31, 230),
('13233968299', 32, 236),
('13233968299', 33, 241),
('13233968299', 34, 256),
('13233968299', 35, 263),
('13233968299', 36, 269),
('13233968299', 37, 272),
('13233968299', 38, 277),
('13233968299', 39, 289),
('13233968299', 40, 299),
('13233968299', 41, 306),
('13233968299', 42, 312),
('13233968299', 43, 331),
('13233968299', 44, 342),
('13233968299', 45, 349),
('13233968299', 46, 359),
('13233968299', 47, 369),
('13233968299', 48, 375),
('13233968299', 49, 380),
('13233968299', 50, 384),
('13233968299', 51, 392),
('13233968299', 52, 397),
('13233968299', 53, 405),
('13233968299', 54, 412),
('13233968299', 55, 418),
('13233968299', 56, 427),
('13233968299', 57, 441),
('13233968299', 58, 444),
('13233968299', 59, 450),
('13233968299', 60, 456),
('13233968299', 61, 459),
('13233968299', 62, 467),
('13233968299', 63, 472),
('13233968299', 64, 475),
('13233968299', 65, 481),
('13233968299', 66, 500),
('13233968299', 67, 508),
('13233968299', 68, 514),
('13233968299', 69, 522),
('13233968299', 70, 528),
('13233968299', 71, 546),
('13233968299', 72, 549),
('13233968299', 73, 558),
('88485627792', 1, 5),
('88485627792', 2, 13),
('88485627792', 3, 19),
('88485627792', 4, 22),
('88485627792', 5, 29),
('88485627792', 6, 32),
('88485627792', 7, 36),
('88485627792', 8, 42),
('88485627792', 9, 54),
('88485627792', 10, 61),
('88485627792', 11, 65),
('88485627792', 12, 71),
('88485627792', 13, 82),
('88485627792', 14, 89),
('88485627792', 15, 93),
('88485627792', 16, 97),
('88485627792', 17, 102),
('88485627792', 18, 114),
('88485627792', 19, 123),
('88485627792', 20, 128),
('88485627792', 21, 135),
('88485627792', 22, 150),
('88485627792', 23, 160),
('88485627792', 24, 164),
('88485627792', 25, 176),
('88485627792', 26, 182),
('88485627792', 27, 188),
('88485627792', 28, 204),
('88485627792', 29, 219),
('88485627792', 30, 227),
('88485627792', 31, 232),
('88485627792', 32, 237),
('88485627792', 33, 248),
('88485627792', 34, 257),
('88485627792', 35, 265),
('88485627792', 36, 269),
('88485627792', 37, 275),
('88485627792', 38, 283),
('88485627792', 39, 293),
('88485627792', 40, 302),
('88485627792', 41, 308),
('88485627792', 42, 318),
('88485627792', 43, 334),
('88485627792', 44, 341),
('88485627792', 45, 348),
('88485627792', 46, 359),
('88485627792', 47, 368),
('88485627792', 48, 378),
('88485627792', 49, 382),
('88485627792', 50, 385),
('88485627792', 51, 391),
('88485627792', 52, 396),
('88485627792', 53, 405),
('88485627792', 54, 412),
('88485627792', 55, 419),
('88485627792', 56, 426),
('88485627792', 57, 437),
('88485627792', 58, 443),
('88485627792', 59, 451),
('88485627792', 60, 456),
('88485627792', 61, 460),
('88485627792', 62, 464),
('88485627792', 63, 472),
('88485627792', 64, 479),
('88485627792', 65, 498),
('88485627792', 66, 505),
('88485627792', 67, 510),
('88485627792', 68, 517),
('88485627792', 69, 523),
('88485627792', 70, 534),
('88485627792', 71, 546),
('88485627792', 72, 552),
('88485627792', 73, 560);

-- --------------------------------------------------------

--
-- Estrutura para tabela `tb_usuario`
--

CREATE TABLE `tb_usuario` (
  `cpf` varchar(14) NOT NULL,
  `idade` int(11) NOT NULL,
  `sexo` enum('M','F') NOT NULL
) ENGINE=InnoDB DEFAULT CHARSET=utf8;

--
-- Fazendo dump de dados para tabela `tb_usuario`
--

INSERT INTO `tb_usuario` (`cpf`, `idade`, `sexo`) VALUES
('01726499430', 25, 'M'),
('02058481410', 50, 'F'),
('13233968299', 33, 'M'),
('42402310430', 40, 'F'),
('88485627792', 18, 'M');

--
-- Índices de tabelas apagadas
--

--
-- Índices de tabela `tb_alternativa`
--
ALTER TABLE `tb_alternativa`
  ADD PRIMARY KEY (`id`),
  ADD KEY `id_pergunta` (`id_pergunta`);

--
-- Índices de tabela `tb_pergunta`
--
ALTER TABLE `tb_pergunta`
  ADD PRIMARY KEY (`id`);

--
-- Índices de tabela `tb_resposta`
--
ALTER TABLE `tb_resposta`
  ADD KEY `cpf_usuario` (`cpf_usuario`),
  ADD KEY `id_pergunta` (`id_pergunta`),
  ADD KEY `id_resposta` (`id_resposta`);

--
-- Índices de tabela `tb_usuario`
--
ALTER TABLE `tb_usuario`
  ADD PRIMARY KEY (`cpf`);

--
-- AUTO_INCREMENT de tabelas apagadas
--

--
-- AUTO_INCREMENT de tabela `tb_alternativa`
--
ALTER TABLE `tb_alternativa`
  MODIFY `id` int(11) NOT NULL AUTO_INCREMENT, AUTO_INCREMENT=563;
--
-- AUTO_INCREMENT de tabela `tb_pergunta`
--
ALTER TABLE `tb_pergunta`
  MODIFY `id` int(11) NOT NULL AUTO_INCREMENT, AUTO_INCREMENT=74;
--
-- Restrições para dumps de tabelas
--

--
-- Restrições para tabelas `tb_alternativa`
--
ALTER TABLE `tb_alternativa`
  ADD CONSTRAINT `tb_alternativa_ibfk_1` FOREIGN KEY (`id_pergunta`) REFERENCES `tb_pergunta` (`id`);

--
-- Restrições para tabelas `tb_resposta`
--
ALTER TABLE `tb_resposta`
  ADD CONSTRAINT `tb_resposta_ibfk_1` FOREIGN KEY (`cpf_usuario`) REFERENCES `tb_usuario` (`cpf`),
  ADD CONSTRAINT `tb_resposta_ibfk_2` FOREIGN KEY (`id_pergunta`) REFERENCES `tb_pergunta` (`id`),
  ADD CONSTRAINT `tb_resposta_ibfk_3` FOREIGN KEY (`id_resposta`) REFERENCES `tb_alternativa` (`id`);

/*!40101 SET CHARACTER_SET_CLIENT=@OLD_CHARACTER_SET_CLIENT */;
/*!40101 SET CHARACTER_SET_RESULTS=@OLD_CHARACTER_SET_RESULTS */;
/*!40101 SET COLLATION_CONNECTION=@OLD_COLLATION_CONNECTION */;
